{"cameraMode":{"drawMode":0,"name":"Shaded","section":"Shading Mode"},"sceneLighting":true,"audioPlay":false,"sceneViewState":{"m_AlwaysRefresh":false,"showFog":true,"showSkybox":true,"showFlares":true,"showImageEffects":true,"showParticleSystems":true,"showVisualEffectGraphs":true,"m_FxEnabled":true},"in2DMode":false,"pivot":{"x":-0.22966527938842774,"y":-0.3981268107891083,"z":-0.24437154829502107},"rotation":{"x":-0.44159606099128725,"y":0.5550553798675537,"z":-0.4562208950519562,"w":-0.5374106168746948},"size":0.9978100061416626,"orthographic":true}